CO_CATEGAD_PRIVADA,CO_GRUPO,CO_REGIAO_CURSO,QTD_ALUNOS,NT_GER_mean,NT_FG_mean,NT_CE_mean,QE_I58_mean,QE_I28_mean,QE_I39_mean,QE_I49_mean,QE_I57_mean,QE_I40_mean,QE_I29_mean,QE_I30_mean,QE_I32_mean,QE_I36_mean,QE_I37_mean,QE_I56_mean,QE_I38_mean,QE_I61_mean,QE_I62_mean,QE_I63_mean,QE_I64_mean,QE_I65_mean,NT_GER_minimum,NT_FG_minimum,NT_CE_minimum,QE_I58_minimum,QE_I28_minimum,QE_I39_minimum,QE_I49_minimum,QE_I57_minimum,QE_I40_minimum,QE_I29_minimum,QE_I30_minimum,QE_I32_minimum,QE_I36_minimum,QE_I37_minimum,QE_I56_minimum,QE_I38_minimum,QE_I61_minimum,QE_I62_minimum,QE_I63_minimum,QE_I64_minimum,QE_I65_minimum,NT_GER_median,NT_FG_median,NT_CE_median,QE_I58_median,QE_I28_median,QE_I39_median,QE_I49_median,QE_I57_median,QE_I40_median,QE_I29_median,QE_I30_median,QE_I32_median,QE_I36_median,QE_I37_median,QE_I56_median,QE_I38_median,QE_I61_median,QE_I62_median,QE_I63_median,QE_I64_median,QE_I65_median,NT_GER_std,NT_FG_std,NT_CE_std,QE_I58_std,QE_I28_std,QE_I39_std,QE_I49_std,QE_I57_std,QE_I40_std,QE_I29_std,QE_I30_std,QE_I32_std,QE_I36_std,QE_I37_std,QE_I56_std,QE_I38_std,QE_I61_std,QE_I62_std,QE_I63_std,QE_I64_std,QE_I65_std,NT_GER_maximum,NT_FG_maximum,NT_CE_maximum,QE_I58_maximum,QE_I28_maximum,QE_I39_maximum,QE_I49_maximum,QE_I57_maximum,QE_I40_maximum,QE_I29_maximum,QE_I30_maximum,QE_I32_maximum,QE_I36_maximum,QE_I37_maximum,QE_I56_maximum,QE_I38_maximum,QE_I61_maximum,QE_I62_maximum,QE_I63_maximum,QE_I64_maximum,QE_I65_maximum,NT_GER_q25,NT_FG_q25,NT_CE_q25,QE_I58_q25,QE_I28_q25,QE_I39_q25,QE_I49_q25,QE_I57_q25,QE_I40_q25,QE_I29_q25,QE_I30_q25,QE_I32_q25,QE_I36_q25,QE_I37_q25,QE_I56_q25,QE_I38_q25,QE_I61_q25,QE_I62_q25,QE_I63_q25,QE_I64_q25,QE_I65_q25,NT_GER_q75,NT_FG_q75,NT_CE_q75,QE_I58_q75,QE_I28_q75,QE_I39_q75,QE_I49_q75,QE_I57_q75,QE_I40_q75,QE_I29_q75,QE_I30_q75,QE_I32_q75,QE_I36_q75,QE_I37_q75,QE_I56_q75,QE_I38_q75,QE_I61_q75,QE_I62_q75,QE_I63_q75,QE_I64_q75,QE_I65_q75
0,1,1,764,41.2609947643979,48.89541884816749,38.69908376963346,4.895287958115183,4.972513089005235,4.840314136125654,4.7643979057591626,4.939790575916231,4.43848167539267,4.744764397905759,4.7513089005235605,5.345549738219895,5.143979057591623,4.678010471204188,4.619109947643979,4.702879581151833,4.481675392670157,4.459424083769633,4.409685863874346,4.428010471204188,4.103403141361256,5.8,0.0,0.0,1,1,1,1,1,1,1,1,1,1,1,1,1,1,1,1,1,1,41.5,48.8,38.3,5.0,5.0,5.0,5.0,5.0,5.0,5.0,5.0,6.0,6.0,5.0,5.0,5.0,5.0,5.0,5.0,5.0,5.0,12.645915717347162,16.281208924539968,13.664276896985143,1.377417111343849,1.2954314192896175,1.3244936838238537,1.4112409711615477,1.2379063024927106,1.513637715355495,1.3942538215809066,1.4475308624589815,1.2054783582578235,1.2018783375300603,1.372253876795534,1.4598878728395397,1.3358420579652817,1.4964980770966942,1.5366821617735629,1.5311395650849242,1.5114419767789227,1.7753338164062473,76.8,91.4,77.6,6,6,6,6,6,6,6,6,6,6,6,6,6,6,6,6,6,6,32.3,37.5,28.8,4.0,5.0,4.0,4.0,4.0,4.0,4.0,4.0,5.0,5.0,4.0,4.0,4.0,4.0,4.0,3.0,3.0,3.0,49.4,60.5,48.05,6.0,6.0,6.0,6.0,6.0,6.0,6.0,6.0,6.0,6.0,6.0,6.0,6.0,6.0,6.0,6.0,6.0,6.0
0,1,2,3560,43.13278089887628,50.03955056179772,40.81283707865185,4.627808988764045,4.694943820224719,4.501123595505618,4.476123595505618,4.6553370786516854,4.087640449438203,4.4342696629213485,4.41685393258427,5.085112359550561,4.839887640449438,4.354213483146068,4.312359550561798,4.351966292134832,4.279494382022472,4.129775280898876,4.067134831460674,4.302247191011236,3.9609550561797753,0.0,0.0,0.0,1,1,1,1,1,1,1,1,1,1,1,1,1,1,1,1,1,1,43.0,50.6,40.6,5.0,5.0,5.0,5.0,5.0,4.0,5.0,5.0,6.0,5.0,5.0,5.0,5.0,5.0,4.0,4.0,5.0,4.0,13.367969296425361,16.76284418012874,14.511339834776361,1.4940028949818611,1.4192420865528257,1.4384433519106026,1.4543701770396116,1.375139380455719,1.5315962488000232,1.491440324072896,1.5276222981927121,1.362526923213311,1.3752044937267023,1.5151512403682157,1.5440207416070812,1.438442446567245,1.6472326525420968,1.6661551559551258,1.6707787894316268,1.5973409717272162,1.8103052351304774,85.1,92.8,86.5,6,6,6,6,6,6,6,6,6,6,6,6,6,6,6,6,6,6,33.8,37.9,30.8,4.0,4.0,4.0,4.0,4.0,3.0,4.0,4.0,5.0,4.0,4.0,3.0,4.0,3.0,3.0,3.0,3.0,2.0,52.4,62.2,51.0,6.0,6.0,6.0,6.0,6.0,5.0,6.0,6.0,6.0,6.0,6.0,6.0,5.0,6.0,6.0,5.0,6.0,6.0
0,1,3,3575,43.1579020979022,49.60209790209781,40.99278321678318,4.95020979020979,4.967272727272727,4.794125874125874,4.816783216783217,5.011188811188811,4.4962237762237764,4.792447552447553,4.7034965034965035,5.266013986013986,5.083916083916084,4.597482517482518,4.773706293706294,4.71020979020979,4.612587412587413,4.618741258741259,4.594125874125874,4.952167832167832,4.646993006993007,0.0,0.0,0.0,1,1,1,1,1,1,1,1,1,1,1,1,1,1,1,1,1,1,43.4,49.8,41.0,5.0,5.0,5.0,5.0,5.0,5.0,5.0,5.0,6.0,5.0,5.0,5.0,5.0,5.0,5.0,5.0,5.0,5.0,14.3763141708793,17.89998526184575,15.353277383508093,1.3782564168555953,1.3050599847591178,1.3657490492051276,1.3949899369431453,1.2409214187119684,1.5180041513512432,1.3894635170142533,1.4555247866341972,1.2223461139089364,1.2446668743478457,1.4932957191489622,1.4199324912434719,1.3744589760922645,1.5460143864316285,1.5746082853472856,1.5856516548400508,1.3676268151685809,1.6512111827760012,85.8,93.8,86.0,6,6,6,6,6,6,6,6,6,6,6,6,6,6,6,6,6,6,32.4,36.1,29.6,4.0,4.0,4.0,4.0,4.0,4.0,4.0,4.0,5.0,5.0,4.0,4.0,4.0,4.0,4.0,4.0,4.0,4.0,53.9,63.0,52.0,6.0,6.0,6.0,6.0,6.0,6.0,6.0,6.0,6.0,6.0,6.0,6.0,6.0,6.0,6.0,6.0,6.0,6.0
0,1,4,2905,43.729672977624766,48.69263339070563,42.059931153184124,5.033734939759036,4.879173838209983,4.67710843373494,4.757314974182444,4.898450946643718,4.448881239242685,4.658864027538726,4.590017211703959,5.208261617900172,4.970740103270224,4.600344234079174,4.715662650602409,4.622030981067126,4.582444061962134,4.619277108433735,4.62960413080895,4.8588640275387265,4.655765920826162,0.0,0.0,0.0,1,1,1,1,1,1,1,1,1,1,1,1,1,1,1,1,1,1,43.3,48.6,42.1,6.0,5.0,5.0,5.0,5.0,5.0,5.0,5.0,6.0,5.0,5.0,5.0,5.0,5.0,5.0,5.0,5.0,5.0,14.179637825172904,17.42827333830292,15.219028704421348,1.3474665003864716,1.3371918193923258,1.4143508511611214,1.4251174443892827,1.3120341268506097,1.523762522804912,1.432711872524687,1.4927176875568386,1.2750252146227037,1.293194853848385,1.4718431287034992,1.4128904479246285,1.4050516417981724,1.549293877099184,1.5384109187514807,1.5460620513580823,1.4369358099074556,1.6926113459174605,84.9,92.6,87.7,6,6,6,6,6,6,6,6,6,6,6,6,6,6,6,6,6,6,34.1,36.7,31.8,5.0,4.0,4.0,4.0,4.0,4.0,4.0,4.0,5.0,5.0,4.0,4.0,4.0,4.0,4.0,4.0,4.0,4.0,53.7,61.0,52.8,6.0,6.0,6.0,6.0,6.0,6.0,6.0,6.0,6.0,6.0,6.0,6.0,6.0,6.0,6.0,6.0,6.0,6.0
0,1,5,1169,40.62831479897343,46.28648417450821,38.725320786997344,5.006843455945252,4.9178785286569715,4.806672369546621,4.832335329341317,4.911035072711719,4.449957228400343,4.700598802395209,4.735671514114628,5.1847733105218134,5.041916167664671,4.620188195038494,4.691189050470488,4.698887938408896,4.6467065868263475,4.58426005132592,4.56201881950385,4.73994867408041,4.660393498716852,0.0,0.0,0.0,1,1,1,1,1,1,1,1,1,1,1,1,1,1,1,1,1,1,39.8,45.7,37.7,6.0,5.0,5.0,5.0,5.0,5.0,5.0,5.0,6.0,5.0,5.0,5.0,5.0,5.0,5.0,5.0,5.0,5.0,13.707126582952782,16.856834373964304,14.701983910736748,1.3699143972457446,1.402088809509799,1.4088480051594299,1.363396784346927,1.3231175719542274,1.5083450793190618,1.4480766592248238,1.4744753239867152,1.3177167899306443,1.3009960974983263,1.4779670525380215,1.4552453681506086,1.3965492435490687,1.4715014872639145,1.507387738881106,1.5169571301052114,1.4627054348515347,1.6154689453899616,83.1,95.2,82.6,6,6,6,6,6,6,6,6,6,6,6,6,6,6,6,6,6,6,31.4,34.6,28.3,5.0,4.0,4.0,4.0,4.0,4.0,4.0,4.0,5.0,5.0,4.0,4.0,4.0,4.0,4.0,4.0,4.0,4.0,49.5,58.0,48.5,6.0,6.0,6.0,6.0,6.0,6.0,6.0,6.0,6.0,6.0,6.0,6.0,6.0,6.0,6.0,6.0,6.0,6.0
0,2,1,1217,44.253738701725595,53.383073130649095,41.1921117502055,4.508627773212819,4.9276910435497125,4.66392769104355,4.774034511092851,4.8126540673788005,4.124897288414133,4.62037797863599,4.4823336072308955,4.821692686935086,5.041084634346754,4.47658175842235,4.28594905505341,4.423993426458504,4.359079704190632,4.309778142974528,4.313886606409203,3.914543960558751,4.022185702547247,0.0,0.0,0.0,1,1,1,1,1,1,1,1,1,1,1,1,1,1,1,1,1,1,44.3,54.3,40.3,5.0,5.0,5.0,5.0,5.0,4.0,5.0,5.0,5.0,5.0,5.0,5.0,5.0,5.0,5.0,5.0,4.0,5.0,15.62913065108358,18.961978302387298,16.366940671208834,1.5894800665288211,1.3332898603963947,1.4445753865405233,1.4162065627630853,1.3337981010916273,1.685614349038662,1.4886120970339174,1.5992057477019845,1.4555664798254895,1.3015507477300559,1.6180475208410545,1.6459903755737435,1.5291088391811762,1.6443889265720615,1.6771033632041223,1.6627931370848743,1.8048528724978157,1.9203722967824226,89.8,93.0,91.5,6,6,6,6,6,6,6,6,6,6,6,6,6,6,6,6,6,6,32.8,39.7,29.1,4.0,4.0,4.0,4.0,4.0,3.0,4.0,3.0,4.0,5.0,4.0,3.0,4.0,3.0,3.0,3.0,2.0,2.0,55.1,68.7,53.0,6.0,6.0,6.0,6.0,6.0,6.0,6.0,6.0,6.0,6.0,6.0,6.0,6.0,6.0,6.0,6.0,6.0,6.0
0,2,2,2781,49.89014742898237,60.164185544768166,46.4483998561668,4.2459546925566345,4.599065084501977,4.4642215030564545,4.493347716648688,4.5210355987055015,3.759439050701187,4.192736425746134,4.131966918374685,4.612369651204602,4.852930600503416,4.126573175116865,4.082704063286587,4.040632865875584,4.11254944264653,3.9874145990650844,3.9331175836030203,3.397339086659475,3.267529665587918,0.0,0.0,0.0,1,1,1,1,1,1,1,1,1,1,1,1,1,1,1,1,1,1,50.6,62.6,46.5,4.0,5.0,5.0,5.0,5.0,4.0,4.0,4.0,5.0,5.0,4.0,4.0,4.0,4.0,4.0,4.0,3.0,3.0,14.943471301762587,17.29065819303288,16.313699779515755,1.5358740147920322,1.4083458291696482,1.4187452709082546,1.4249986662568468,1.3397652829807412,1.6140195951623546,1.5366848925270686,1.6131840070592722,1.4938885673965174,1.3511051452523426,1.560465509123847,1.5261483546888364,1.4852280407902527,1.613318224111044,1.6593488701927186,1.6559854236132343,1.7191201854312534,1.9198843948262374,91.7,98.2,92.5,6,6,6,6,6,6,6,6,6,6,6,6,6,6,6,6,6,6,39.5,49.4,35.1,3.0,4.0,4.0,4.0,4.0,3.0,3.0,3.0,4.0,4.0,3.0,3.0,3.0,3.0,3.0,3.0,2.0,1.0,60.7,73.4,58.0,6.0,6.0,6.0,6.0,6.0,5.0,6.0,6.0,6.0,6.0,5.0,5.0,5.0,5.0,5.0,5.0,5.0,5.0
0,2,3,4417,45.920692777903604,54.939619651347066,42.89855105275039,4.4659270998415215,4.897894498528413,4.770885216210098,4.8920081503282775,4.911251980982567,4.192211908535205,4.676477247000227,4.52569617387367,4.648856690061128,5.0269413629160065,4.4392121349332125,4.48720851256509,4.491962870726738,4.551505546751189,4.539506452343219,4.523432193796695,4.312655648630292,4.246094634367218,0.0,0.0,0.0,1,1,1,1,1,1,1,1,1,1,1,1,1,1,1,1,1,1,45.8,56.3,42.5,5.0,5.0,5.0,5.0,5.0,5.0,5.0,5.0,5.0,6.0,5.0,5.0,5.0,5.0,5.0,5.0,5.0,5.0,15.599248117158545,18.972854765987243,16.397634475080192,1.648116103689997,1.4407807881936152,1.4799486990782158,1.4416086437787339,1.3784714722333187,1.7228623129221825,1.5415946408431758,1.6159400086244513,1.586027698408503,1.3899707061000677,1.6537950741382619,1.6261511586556596,1.5676158772084963,1.676951902410079,1.6982085165773524,1.6924962783299868,1.7521481735861972,1.9055776690593147,89.3,96.2,90.7,6,6,6,6,6,6,6,6,6,6,6,6,6,6,6,6,6,6,34.3,41.0,30.6,4.0,4.0,4.0,4.0,4.0,3.0,4.0,4.0,4.0,5.0,3.0,4.0,4.0,4.0,4.0,4.0,3.0,3.0,57.3,69.8,54.7,6.0,6.0,6.0,6.0,6.0,6.0,6.0,6.0,6.0,6.0,6.0,6.0,6.0,6.0,6.0,6.0,6.0,6.0
0,2,4,3285,47.28404870624045,55.93753424657532,44.38310502283086,4.718721461187215,5.064535768645357,4.867884322678843,5.06027397260274,5.033181126331812,4.364992389649924,4.732115677321157,4.606697108066971,4.786301369863014,5.12572298325723,4.625266362252663,4.627397260273972,4.635007610350076,4.709893455098935,4.719939117199391,4.74490106544901,4.620700152207002,4.863013698630137,0.0,0.0,0.0,1,1,1,1,1,1,1,1,1,1,1,1,1,1,1,1,1,1,48.0,58.2,44.7,5.0,6.0,5.0,6.0,5.0,5.0,5.0,5.0,5.0,6.0,5.0,5.0,5.0,5.0,5.0,5.0,5.0,6.0,15.383710797548863,18.930325982049627,16.194566955682568,1.5635248045018628,1.2764042465310412,1.3769750289021179,1.2823245290308543,1.2236732178574872,1.6251463088645826,1.4554134525687246,1.5353976683208186,1.463729527478131,1.2499788558400027,1.5170270797712577,1.4915448104607527,1.4750641643396234,1.6045125599468468,1.6022160342504448,1.5786551165834952,1.6040251202438047,1.5830977823317192,90.6,97.2,95.0,6,6,6,6,6,6,6,6,6,6,6,6,6,6,6,6,6,6,35.9,43.7,32.6,4.0,5.0,4.0,5.0,5.0,3.0,4.0,4.0,4.0,5.0,4.0,4.0,4.0,4.0,4.0,4.0,4.0,4.0,58.7,70.8,56.2,6.0,6.0,6.0,6.0,6.0,6.0,6.0,6.0,6.0,6.0,6.0,6.0,6.0,6.0,6.0,6.0,6.0,6.0
0,2,5,2080,43.411346153846225,52.7363942307692,40.286153846153894,4.477884615384616,4.839903846153846,4.6875,4.76875,4.729326923076923,4.125480769230769,4.572115384615385,4.524038461538462,4.642788461538461,4.944711538461538,4.413942307692308,4.3620192307692305,4.439903846153846,4.475961538461538,4.399038461538462,4.427884615384615,4.191346153846154,4.443269230769231,0.0,0.0,0.0,1,1,1,1,1,1,1,1,1,1,1,1,1,1,1,1,1,1,42.2,53.1,38.8,5.0,5.0,5.0,5.0,5.0,4.0,5.0,5.0,5.0,5.0,5.0,5.0,5.0,5.0,5.0,5.0,5.0,5.0,15.73464959260924,19.252391079259453,16.433922102949026,1.6162627531763838,1.4387758646940203,1.4976131402485482,1.4652900449484003,1.4241460412970044,1.655263954373682,1.5685679250212146,1.6171278521200805,1.5357831967370912,1.4281984310664817,1.6081495903351348,1.624487860130328,1.5412381691890222,1.657956761746408,1.6835791366724324,1.6918988555826164,1.8109076051489505,1.8063148501225985,85.2,98.6,85.3,6,6,6,6,6,6,6,6,6,6,6,6,6,6,6,6,6,6,31.6,37.8,27.6,4.0,4.0,4.0,4.0,4.0,3.0,4.0,4.0,4.0,4.0,4.0,3.0,4.0,3.0,3.0,3.0,3.0,3.0,54.8,68.2,51.7,6.0,6.0,6.0,6.0,6.0,6.0,6.0,6.0,6.0,6.0,6.0,6.0,6.0,6.0,6.0,6.0,6.0,6.0
0,12,1,738,55.267208672086724,51.29539295392951,56.57181571815722,4.789972899728998,4.983739837398374,4.739837398373984,4.920054200542006,4.9742547425474255,3.9173441734417342,4.463414634146342,4.505420054200542,5.265582655826559,5.134146341463414,4.372628726287263,4.092140921409214,4.272357723577236,4.322493224932249,3.8495934959349594,3.9579945799457996,4.762872628726288,4.482384823848238,0.0,0.0,0.0,1,1,1,1,1,1,1,1,1,1,1,1,1,1,1,1,1,1,56.05,52.05,57.6,5.0,5.0,5.0,5.0,5.0,4.0,5.0,5.0,6.0,6.0,5.0,4.0,4.0,5.0,4.0,4.0,5.0,5.0,11.561953141557755,14.970874678900627,12.669171857660562,1.3160350175866282,1.1693768290486417,1.3291680202934044,1.2106958862341728,1.0917917754844386,1.6324216781783631,1.4518561530588874,1.510918345461759,1.1196686122081756,1.19685222163289,1.489231860259037,1.5635495302159446,1.453137763245498,1.4357551884927222,1.6408559495011328,1.6197968916255632,1.3581767599611727,2.0142878391451777,81.9,87.8,84.4,6,6,6,6,6,6,6,6,6,6,6,6,6,6,6,6,6,8,49.8,42.5,49.9,4.0,4.0,4.0,4.0,4.0,3.0,4.0,4.0,5.0,5.0,3.0,3.0,3.0,3.0,3.0,3.0,4.0,3.0,62.8,61.6,65.3,6.0,6.0,6.0,6.0,6.0,5.0,6.0,6.0,6.0,6.0,6.0,5.0,5.0,5.0,5.0,5.0,6.0,6.0
0,12,2,1988,62.30759557344055,57.333048289738336,63.94894366197191,5.19466800804829,5.26559356136821,4.982394366197183,5.2459758551307845,5.313883299798793,4.422535211267606,4.813883299798793,4.829979879275654,5.501509054325956,5.414989939637827,4.840040241448692,4.705734406438632,4.686116700201207,4.839537223340041,4.374245472837022,4.453722334004024,4.778169014084507,4.674044265593562,0.0,0.0,0.0,1,1,1,1,1,1,1,1,1,1,1,1,1,1,1,1,1,1,62.849999999999994,57.6,64.6,6.0,6.0,5.0,6.0,6.0,5.0,5.0,5.0,6.0,6.0,5.0,5.0,5.0,5.0,5.0,5.0,5.0,5.0,9.067766327132782,13.162733510224209,10.401976308042633,1.0758041387655408,0.9627607195555286,1.1786525541441293,0.9953889177375069,0.8985076317039735,1.4685206176614933,1.3060073388238056,1.303190540905671,0.9015435717116178,0.9031158109519088,1.2854207054209328,1.3665893663086948,1.2965318650786473,1.3088319041493783,1.535613359094898,1.4753028835641948,1.3622217071652452,1.9882367558049288,90.1,97.8,97.1,6,6,6,6,6,6,6,6,6,6,6,6,6,6,6,6,6,8,57.2,49.375,57.975,5.0,5.0,4.0,5.0,5.0,3.0,4.0,4.0,5.0,5.0,4.0,4.0,4.0,4.0,3.0,4.0,4.0,3.0,68.4,65.85,70.9,6.0,6.0,6.0,6.0,6.0,6.0,6.0,6.0,6.0,6.0,6.0,6.0,6.0,6.0,6.0,6.0,6.0,6.0
0,12,3,2900,61.55768965517239,55.65400000000015,63.50965517241406,5.1113793103448275,5.320344827586207,4.937586206896552,5.321034482758621,5.36448275862069,4.286896551724138,4.821034482758621,4.824137931034483,5.526551724137931,5.39,4.792758620689655,4.715862068965517,4.69,4.6337931034482756,4.42448275862069,4.593103448275862,5.022068965517241,4.972758620689655,0.0,0.0,0.0,1,1,1,1,1,1,1,1,1,1,1,1,1,1,1,1,1,1,62.8,56.6,64.6,6.0,6.0,5.0,6.0,6.0,5.0,5.0,5.0,6.0,6.0,5.0,5.0,5.0,5.0,5.0,5.0,6.0,6.0,10.772626676877936,13.651857734131394,12.200824870117161,1.2006414984709424,0.966032210751014,1.2629055215986564,1.0039791299254714,0.8887285692857861,1.6077277666211227,1.3477866178855458,1.3859182334165188,0.9115705428083023,0.9890588067526193,1.3519176179094181,1.3997326833970059,1.3395965062607604,1.487337409071762,1.5864706669223834,1.5120377124252757,1.3253944444293442,1.8343666418018796,87.2,94.6,94.7,6,6,6,6,6,6,6,6,6,6,6,6,6,6,6,6,6,8,55.9,47.4,56.9,5.0,5.0,4.0,5.0,5.0,3.0,4.0,4.0,5.0,5.0,4.0,4.0,4.0,4.0,3.0,4.0,4.0,4.0,68.8,64.8,71.6,6.0,6.0,6.0,6.0,6.0,6.0,6.0,6.0,6.0,6.0,6.0,6.0,6.0,6.0,6.0,6.0,6.0,6.0
0,12,4,1633,61.56729944886721,54.722290263319046,63.83368034292719,5.1579914268218,5.299448867115738,4.879363135333741,5.359461114513166,5.271279853031231,4.272504592774036,4.721984078383343,4.777709736680955,5.515003061849357,5.394366197183099,4.711573790569504,4.475199020208206,4.478260869565218,5.003061849357012,4.703612982241274,4.875076546233926,5.313533374157991,5.217391304347826,16.5,0.6,14.7,1,1,1,1,1,1,1,1,1,1,1,1,1,1,1,1,1,1,62.3,55.3,64.7,6.0,6.0,5.0,6.0,5.0,5.0,5.0,5.0,6.0,6.0,5.0,5.0,5.0,5.0,5.0,5.0,6.0,6.0,9.734553305516744,13.840476583391238,11.106955722862113,1.133069699336245,0.9479626967860098,1.2551937535140634,0.9334459159758203,0.8982632429413909,1.5564806519002756,1.2780626354903486,1.3413458622100853,0.9047405194121098,0.9255457349499868,1.3492806851259131,1.451682078844488,1.3749951561567124,1.2334653208604685,1.4182262213170964,1.3052767190819359,1.0477189603476653,1.5702164532779856,87.0,93.2,93.6,6,6,6,6,6,6,6,6,6,6,6,6,6,6,6,6,6,8,55.8,46.1,57.1,5.0,5.0,4.0,5.0,5.0,3.0,4.0,4.0,5.0,5.0,4.0,4.0,4.0,4.0,4.0,4.0,5.0,5.0,68.4,64.0,71.7,6.0,6.0,6.0,6.0,6.0,6.0,6.0,6.0,6.0,6.0,6.0,6.0,6.0,6.0,6.0,6.0,6.0,6.0
0,12,5,787,60.82630241423125,54.857560355781416,62.79949174078769,5.031766200762389,5.290978398983482,4.933926302414231,5.232528589580686,5.137229987293519,4.186785260482846,4.945362134688692,4.933926302414231,5.51715374841169,5.349428208386277,4.773824650571791,4.506988564167726,4.5247776365946635,4.710292249047014,4.395171537484117,4.504447268106734,4.907242693773824,4.498094027954257,0.9,0.0,1.2,1,1,1,1,1,1,1,1,1,1,1,1,1,1,1,1,1,1,62.0,54.9,64.3,5.0,6.0,5.0,5.0,5.0,4.0,5.0,5.0,6.0,6.0,5.0,5.0,5.0,5.0,5.0,5.0,5.0,5.0,10.862844061026552,14.126411412105877,12.229068932989417,1.2159907033201365,0.9152134768370702,1.2067263602642726,0.9426609973161006,0.9592055404977073,1.5348133829540753,1.2644335000587217,1.2379516898567795,0.918095179583305,0.9375589838569691,1.3065409860958488,1.3982502528478682,1.3356850298021843,1.3421843466283823,1.495583681850616,1.4018954973347169,1.2831996807467523,1.9545559555852838,86.6,92.8,89.7,6,6,6,6,6,6,6,6,6,6,6,6,6,6,6,6,6,8,55.5,46.2,56.1,4.0,5.0,4.0,5.0,5.0,3.0,4.0,4.0,5.0,5.0,4.0,4.0,4.0,4.0,3.0,4.0,4.0,3.0,68.15,64.2,71.25,6.0,6.0,6.0,6.0,6.0,5.0,6.0,6.0,6.0,6.0,6.0,6.0,6.0,6.0,6.0,6.0,6.0,6.0
0,2001,1,3176,40.816026448362706,46.022071788413264,39.064074307304764,5.387594458438287,5.519836272040302,5.483942065491184,5.4653652392947105,5.414672544080605,5.111775818639798,5.533060453400504,5.563287153652393,5.668136020151134,5.599496221662468,5.399244332493703,4.903337531486146,5.366498740554156,4.7408690176322414,4.732997481108312,4.834382871536524,4.732682619647355,4.844458438287154,0.0,0.0,0.0,1,1,1,1,1,1,1,1,1,1,1,1,1,1,1,1,1,1,40.3,46.849999999999994,38.0,6.0,6.0,6.0,6.0,6.0,5.0,6.0,6.0,6.0,6.0,6.0,5.0,6.0,5.0,5.0,5.0,5.0,5.0,13.49296502910981,17.751172726193563,14.253135484616111,0.9710569323566655,0.8438289774968929,0.8280859336403252,0.832071729252497,0.8333361960058557,1.1110496681787072,0.810274310000379,0.8212299748137468,0.7313487411473159,0.7139904924386481,0.9069735407330659,1.3100850032127158,0.877253312969828,1.362690160277441,1.3955589701079516,1.3165075954789347,1.4284011814415256,1.7931771362728317,89.6,92.4,89.4,6,6,6,6,6,6,6,6,6,6,6,6,6,6,6,6,6,8,30.975,34.3,29.175,5.0,5.0,5.0,5.0,5.0,5.0,5.0,5.0,6.0,5.0,5.0,4.0,5.0,4.0,4.0,4.0,4.0,4.0,50.2,58.6,48.6,6.0,6.0,6.0,6.0,6.0,6.0,6.0,6.0,6.0,6.0,6.0,6.0,6.0,6.0,6.0,6.0,6.0,6.0
0,2001,2,6288,45.064487913486104,50.36216603053431,43.282172391857635,5.1523536895674305,5.291030534351145,5.261132315521628,5.237595419847328,5.256838422391858,4.744274809160306,5.276876590330788,5.313136132315521,5.5011132315521625,5.420960559796438,5.083492366412214,4.639790076335878,5.07029262086514,4.372455470737913,4.3945610687022905,4.454039440203562,4.457379134860051,4.6992684478371505,0.0,0.0,0.0,1,1,1,1,1,1,1,1,1,1,1,1,1,1,1,1,1,1,45.0,51.2,43.0,6.0,6.0,6.0,5.0,5.0,5.0,6.0,6.0,6.0,6.0,5.0,5.0,5.0,5.0,5.0,5.0,5.0,5.0,14.016629561734504,16.663879351088134,15.377903289438095,1.1236603401862086,0.9662191620357424,0.9291097395946087,0.9425211835526537,0.919558087432776,1.2206010856132874,0.9795879080396911,0.9861805537196814,0.8777684923858863,0.8400577701186487,1.059781895597996,1.342027488543562,0.9821802339801119,1.5055017752499933,1.4714338389194404,1.4255679218571153,1.4546086655841115,1.9184220158335499,89.4,97.0,92.1,6,6,6,6,6,6,6,6,6,6,6,6,6,6,6,6,6,8,35.2,39.7,32.3,5.0,5.0,5.0,5.0,5.0,4.0,5.0,5.0,5.0,5.0,5.0,4.0,5.0,3.0,4.0,4.0,4.0,3.0,54.9,62.2,54.0,6.0,6.0,6.0,6.0,6.0,6.0,6.0,6.0,6.0,6.0,6.0,6.0,6.0,6.0,6.0,6.0,6.0,6.0
0,2001,3,4935,48.84228976697052,53.03876393110454,47.4267679837892,5.151975683890577,5.25612968591692,5.249240121580547,5.239918946301925,5.274366767983789,4.6761904761904765,5.323201621073961,5.239311043566363,5.326849037487335,5.427558257345491,4.975278622087132,4.651266464032421,5.0139817629179335,4.354812563323201,4.454913880445796,4.489766970618034,4.750759878419453,4.908409321175279,0.0,0.0,0.0,1,1,1,1,1,1,1,1,1,1,1,1,1,1,1,1,1,1,49.4,54.5,47.6,6.0,6.0,6.0,6.0,6.0,5.0,6.0,6.0,6.0,6.0,5.0,5.0,5.0,5.0,5.0,5.0,5.0,5.0,15.076161895661038,17.56760878685652,16.42877105669159,1.1491892982387695,1.022076151222432,0.9802916694981207,1.0204571457414786,0.9804025583186969,1.3018766957274228,0.9858641560831471,1.063867795055543,1.0451688325991169,0.8874493171071491,1.1657335617138649,1.4016052514989756,1.0577215513021043,1.5454027959424732,1.513867684613752,1.4889971564187896,1.4388941680772294,1.8319442300940891,90.1,99.4,93.1,6,6,6,6,6,6,6,6,6,6,6,6,6,6,6,6,6,8,38.8,42.6,36.3,5.0,5.0,5.0,5.0,5.0,4.0,5.0,5.0,5.0,5.0,4.0,4.0,4.0,3.0,4.0,4.0,4.0,4.0,59.2,65.0,58.8,6.0,6.0,6.0,6.0,6.0,6.0,6.0,6.0,6.0,6.0,6.0,6.0,6.0,6.0,6.0,6.0,6.0,6.0
0,2001,4,1933,48.38256595964835,52.810501810657,46.89037765131916,5.250905328504914,5.2943610967408175,5.273150543197103,5.3171236420072425,5.2410760475944125,4.792033109156751,5.286083807553027,5.257113295395758,5.407139161924469,5.448008277289188,5.0,4.806518365235386,5.0429384376616655,4.227108122090016,4.438696326952923,4.484221417485774,4.8199689601655455,5.026901189860321,0.0,0.0,0.0,1,1,1,1,1,1,1,1,1,1,1,1,1,1,1,1,1,1,48.2,53.4,46.7,6.0,6.0,6.0,6.0,5.0,5.0,6.0,6.0,6.0,6.0,5.0,5.0,5.0,5.0,5.0,5.0,5.0,6.0,13.801221974448953,16.483550631302787,15.17211300223355,1.0708133640842425,0.9618791283385721,0.9139409446492528,0.9136086411574089,0.9467331215432571,1.2761543935473911,0.9965768673815182,1.0238397190399495,0.9315555790593113,0.8272108940805178,1.1338934190276817,1.290119697810277,1.058201751574946,1.5449275067923296,1.5070547549928504,1.4685750253879468,1.3664398889268798,1.6463462805968736,88.0,95.4,90.4,6,6,6,6,6,6,6,6,6,6,6,6,6,6,6,6,6,8,39.2,42.8,36.8,5.0,5.0,5.0,5.0,5.0,4.0,5.0,5.0,5.0,5.0,4.0,4.0,4.0,3.0,4.0,4.0,4.0,4.0,57.4,64.5,57.0,6.0,6.0,6.0,6.0,6.0,6.0,6.0,6.0,6.0,6.0,6.0,6.0,6.0,6.0,6.0,6.0,6.0,6.0
0,2001,5,1620,42.824259259259165,48.70203703703704,40.84851851851849,5.340123456790123,5.432098765432099,5.39320987654321,5.362345679012345,5.286419753086419,4.99320987654321,5.415432098765432,5.411728395061728,5.525925925925926,5.48641975308642,5.187037037037037,4.925308641975309,5.214814814814815,4.62037037037037,4.662962962962963,4.715432098765432,4.841975308641976,4.940740740740741,0.0,0.0,0.0,1,1,1,1,1,1,1,1,1,1,1,1,1,1,1,1,1,1,42.650000000000006,49.9,40.2,6.0,6.0,6.0,6.0,6.0,5.0,6.0,6.0,6.0,6.0,6.0,5.0,6.0,5.0,5.0,5.0,5.0,5.0,13.809955066260178,17.05457003372028,14.842957340412067,1.0359778661560697,0.8986747721030767,0.8739328827400008,0.9280153717563191,0.9731101272125785,1.1905862245752072,0.9237161424131974,0.9419130653433372,0.8680418604368793,0.8086550171310644,1.0839749608439948,1.2798534760365827,1.0099090414721559,1.4718960342448106,1.4376001246711358,1.39260692378794,1.336877909223841,1.7329975443265493,86.9,92.4,89.1,6,6,6,6,6,6,6,6,6,6,6,6,6,6,6,6,6,8,32.7,36.8,29.8,5.0,5.0,5.0,5.0,5.0,4.0,5.0,5.0,5.0,5.0,5.0,4.0,5.0,4.0,4.0,4.0,4.0,4.0,52.3,61.2,51.1,6.0,6.0,6.0,6.0,6.0,6.0,6.0,6.0,6.0,6.0,6.0,6.0,6.0,6.0,6.0,6.0,6.0,6.0
0,4004,1,160,43.36187499999999,53.39124999999999,40.000625,5.375,4.7375,4.7375,4.925,5.0125,4.33125,4.675,4.65625,5.3375,5.325,4.66875,4.95625,4.56875,4.475,4.525,4.65,4.61875,4.25625,18.9,0.0,14.2,2,1,1,1,2,1,1,1,1,1,1,1,1,1,1,1,2,1,42.35,56.2,38.9,6.0,5.0,5.0,5.0,5.0,5.0,5.0,5.0,6.0,6.0,5.0,5.0,5.0,5.0,5.0,5.0,5.0,5.0,13.118443840231514,18.316485297343448,14.704307745473255,0.9696657013254847,1.261363443203051,1.1788892544314058,1.2466306791967152,0.9967715180117748,1.565034108576004,1.35307708947528,1.2691148552133769,0.9898065372243594,1.0128110206361365,1.3905425166337197,1.1346286068452955,1.276896172943591,1.409536254528484,1.453471229970583,1.4415226052281134,1.2072729027172016,2.110908698781451,76.6,85.8,80.8,6,6,6,6,6,6,6,6,6,6,6,6,6,6,6,6,6,8,32.7,43.35,28.3,5.0,4.0,4.0,4.0,4.0,3.0,4.0,4.0,5.0,5.0,4.0,4.0,4.0,4.0,4.0,4.0,4.0,2.0,53.324999999999996,67.3,50.55,6.0,6.0,6.0,6.0,6.0,6.0,6.0,6.0,6.0,6.0,6.0,6.0,6.0,6.0,6.0,6.0,6.0,6.0
0,4004,2,767,47.27561929595829,57.090743155149916,43.98735332464146,5.29335071707953,4.576271186440678,4.6336375488917865,4.66232073011734,4.942633637548892,4.164276401564537,4.625814863102999,4.573663624511082,5.2059973924380705,5.15645371577575,4.423728813559322,4.773142112125163,4.48109517601043,4.423728813559322,4.401564537157758,4.460234680573664,4.281616688396349,4.528031290743155,9.8,0.0,7.1,1,1,1,1,1,1,1,1,1,1,1,1,1,1,1,1,1,1,47.0,58.8,42.9,6.0,5.0,5.0,5.0,5.0,4.0,5.0,5.0,6.0,6.0,5.0,5.0,5.0,5.0,5.0,5.0,5.0,5.0,13.397562913139586,17.309227390073055,15.259830856337583,1.096514825827693,1.3023818988434306,1.2380247001877345,1.2782275327411141,1.0702942910806281,1.4735709869322775,1.2833584702134548,1.344939264653693,1.0860210822612555,1.1260188621627736,1.456635190360973,1.2777094426063982,1.3084760234656698,1.452147116345568,1.5449395716656524,1.5288936757492615,1.4876211560929522,2.048736261835593,84.1,94.8,86.5,6,6,6,6,6,6,6,6,6,6,6,6,6,6,6,6,6,8,37.95,45.55,32.65,5.0,4.0,4.0,4.0,4.0,3.0,4.0,4.0,5.0,5.0,4.0,4.0,4.0,4.0,3.0,4.0,3.0,3.0,56.55,69.55,54.4,6.0,6.0,6.0,6.0,6.0,5.0,6.0,6.0,6.0,6.0,6.0,6.0,5.0,6.0,6.0,6.0,5.0,6.0
0,4004,3,1143,49.9041119860017,59.473315835520545,46.69728783902021,5.216972878390202,4.394575678040245,4.500437445319335,4.195975503062117,4.8573928258967625,3.8766404199475066,4.378827646544182,4.199475065616798,4.864391951006124,5.015748031496063,4.046369203849519,4.815398075240595,4.16097987751531,4.545931758530184,4.509186351706036,4.63429571303587,4.954505686789151,4.776902887139108,0.0,0.0,0.0,1,1,1,1,1,1,1,1,1,1,1,1,1,1,1,1,1,1,50.4,61.6,47.3,6.0,5.0,5.0,4.0,5.0,4.0,5.0,4.0,5.0,5.0,4.0,5.0,4.0,5.0,5.0,5.0,5.0,5.0,13.183086689787801,17.796624370807148,14.581532402620443,1.06125472040199,1.358325940293205,1.3344911796820502,1.4943271266931528,1.0831276591140957,1.5471589405751325,1.4200736362121364,1.4967915730552872,1.3107332583753213,1.2469635748977397,1.588747216034945,1.2056670744704545,1.3823948427804693,1.3500141345427252,1.4054103436609655,1.3473511693032902,1.169382572321491,1.9811082881129523,83.2,96.8,85.1,6,6,6,6,6,6,6,6,6,6,6,6,6,6,6,6,6,8,41.2,47.849999999999994,35.75,5.0,4.0,4.0,3.0,4.0,3.0,4.0,3.0,4.0,4.0,3.0,4.0,3.0,4.0,4.0,4.0,4.0,4.0,59.2,72.6,57.1,6.0,5.0,6.0,5.0,6.0,5.0,6.0,5.0,6.0,6.0,5.0,6.0,5.0,6.0,6.0,6.0,6.0,6.0
0,4004,4,592,49.871283783783795,57.55016891891894,47.29510135135132,5.467905405405405,4.690878378378378,4.660472972972973,4.613175675675675,4.97804054054054,4.1891891891891895,4.6925675675675675,4.516891891891892,5.003378378378378,5.1233108108108105,4.320945945945946,4.986486486486487,4.45945945945946,4.768581081081081,4.83445945945946,4.863175675675675,4.912162162162162,5.069256756756757,0.0,0.0,0.0,1,1,1,1,1,1,1,1,1,1,1,1,1,1,1,1,1,1,50.95,59.6,47.95,6.0,5.0,5.0,5.0,5.0,4.0,5.0,5.0,5.0,5.0,5.0,5.0,5.0,5.0,5.0,5.0,5.0,6.0,13.263772768766145,17.635727465011172,14.60966556456691,0.9500113123404303,1.3114301252216345,1.2895224444080484,1.2919228639953466,1.0198657280547374,1.53735814599391,1.271879444755688,1.3529632084626728,1.2146826253290237,1.1807811739390779,1.4537542682786941,1.1457948510813871,1.2936307769940292,1.2951135602157275,1.296733516274056,1.2863445431946465,1.301718525975208,1.7267481016993929,82.8,95.6,87.9,6,6,6,6,6,6,6,6,6,6,6,6,6,6,6,6,6,8,40.275,45.0,36.45,5.0,4.0,4.0,4.0,5.0,3.0,4.0,4.0,4.0,5.0,4.0,4.0,4.0,4.0,4.0,4.0,4.0,4.0,59.15,70.325,57.8,6.0,6.0,6.0,6.0,6.0,5.0,6.0,6.0,6.0,6.0,5.0,6.0,5.0,6.0,6.0,6.0,6.0,6.0
0,4004,5,235,45.6885106382979,53.834042553191495,42.95957446808505,5.327659574468085,4.025531914893617,4.45531914893617,4.136170212765958,4.680851063829787,3.795744680851064,4.259574468085106,4.238297872340426,4.791489361702127,4.948936170212766,3.923404255319149,4.727659574468085,4.093617021276596,4.7106382978723405,4.629787234042553,4.685106382978724,4.578723404255319,4.5702127659574465,7.2,0.0,7.1,2,1,1,1,1,1,1,1,1,1,1,1,1,1,1,1,1,1,46.7,56.6,42.5,6.0,4.0,5.0,4.0,5.0,4.0,5.0,4.0,5.0,5.0,4.0,5.0,4.0,5.0,5.0,5.0,5.0,5.0,13.635323498825445,19.248859180267576,14.946935477215018,0.9513153574163661,1.3987888664056867,1.3401761127155227,1.4930645265043017,1.134282840914605,1.5024136488132647,1.4779952312571347,1.5478898224182118,1.262176553681822,1.2766596941005177,1.607436346915026,1.2819759934249024,1.3491694588778942,1.2374556959268121,1.3087337936232013,1.340840838914509,1.259652673980127,1.8896835186588872,79.9,93.6,79.1,6,6,6,6,6,6,6,6,6,6,6,6,6,6,6,6,6,8,36.55,40.45,31.9,5.0,3.0,4.0,3.0,4.0,3.0,3.0,3.0,4.0,4.0,3.0,4.0,3.0,4.0,4.0,4.0,4.0,3.0,54.6,68.5,54.45,6.0,5.0,6.0,5.0,6.0,5.0,5.0,6.0,6.0,6.0,5.0,6.0,5.0,6.0,6.0,6.0,6.0,6.0
1,1,1,2505,36.629820359281496,42.023832335329345,34.81588822355298,5.637524950099801,5.625948103792415,5.593612774451098,5.619161676646707,5.601596806387225,5.493013972055889,5.591217564870259,5.576047904191617,5.725748502994012,5.66187624750499,5.5624750499002,5.504191616766467,5.570059880239521,5.5716566866267465,5.552894211576846,5.537724550898203,5.592814371257485,5.520958083832335,0.0,0.0,0.0,1,1,1,1,1,1,1,1,1,1,1,1,1,1,1,1,1,1,35.8,41.7,34.1,6.0,6.0,6.0,6.0,6.0,6.0,6.0,6.0,6.0,6.0,6.0,6.0,6.0,6.0,6.0,6.0,6.0,6.0,11.91240665340228,15.399360843256552,13.130673544001185,0.9763318614233956,0.9787097388382116,0.973346431911096,0.9560385349554931,0.9713124772308358,1.0843292239992324,0.9776673161975832,1.0165882288799473,0.8807919263677824,0.9150431608818527,1.002487452354808,1.1000664349717395,0.9724549997017279,1.029397685323271,1.0625864965667973,1.0770413098869285,1.0144071315538707,1.1596156030704894,74.4,89.4,80.8,6,6,6,6,6,6,6,6,6,6,6,6,6,6,6,6,6,6,28.1,30.8,25.1,6.0,6.0,6.0,6.0,6.0,5.0,6.0,6.0,6.0,6.0,6.0,5.0,6.0,6.0,6.0,6.0,6.0,6.0,44.9,53.0,43.7,6.0,6.0,6.0,6.0,6.0,6.0,6.0,6.0,6.0,6.0,6.0,6.0,6.0,6.0,6.0,6.0,6.0,6.0
1,1,2,8932,36.6687080161219,41.36854008060914,35.08533363188488,5.3233318405732195,5.345499328257949,5.208799820868786,5.259740259740259,5.319413345275414,5.017129422301836,5.231974921630094,5.214957456336767,5.467980295566503,5.363636363636363,5.222010747872817,5.096618898343036,5.215965069413345,5.20846394984326,5.147895208240036,5.151477832512315,5.248544558889386,5.179243170622481,0.0,0.0,0.0,1,1,1,1,1,1,1,1,1,1,1,1,1,1,1,1,1,1,36.1,41.0,34.3,6.0,6.0,6.0,6.0,6.0,6.0,6.0,6.0,6.0,6.0,6.0,6.0,6.0,6.0,6.0,6.0,6.0,6.0,12.278834629378089,15.820760466419665,13.387963962960876,1.255520455419348,1.2036869549986084,1.2578090342682329,1.2401398184833898,1.2012624329239927,1.3669638669991033,1.2519092109781114,1.2940386681923124,1.1623282113752018,1.1655540749993556,1.2607949590126755,1.3709405478537382,1.2318508150478962,1.3314217678918936,1.369388384306536,1.3602170427481748,1.2938201424019773,1.4108855750572304,83.8,91.2,85.8,6,6,6,6,6,6,6,6,6,6,6,6,6,6,6,6,6,6,27.775,30.0,25.1,5.0,5.0,5.0,5.0,5.0,4.0,5.0,5.0,5.0,5.0,5.0,5.0,5.0,5.0,5.0,5.0,5.0,5.0,45.0,52.4,44.5,6.0,6.0,6.0,6.0,6.0,6.0,6.0,6.0,6.0,6.0,6.0,6.0,6.0,6.0,6.0,6.0,6.0,6.0
1,1,3,30694,38.358076497035114,43.1292695640839,36.75055711213937,5.257314133055321,5.237473121782759,5.085586759627288,5.180556460546035,5.249853391542321,4.88760018244608,5.137942268847332,5.081188505896918,5.375936665146282,5.270248256988337,5.0414413240372715,5.003355704697986,5.104645859125562,5.064051606177103,5.080699811037988,5.09291718251124,5.2604417801524725,5.165830455463609,0.0,0.0,0.0,1,1,1,1,1,1,1,1,1,1,1,1,1,1,1,1,1,1,37.8,42.5,36.3,6.0,6.0,6.0,6.0,6.0,5.0,6.0,6.0,6.0,6.0,5.0,6.0,6.0,6.0,6.0,6.0,6.0,6.0,12.937836119488535,16.380334908685658,13.964925093948006,1.240737788667217,1.2099789585335863,1.2672960501566979,1.2158253951044422,1.1724927858011016,1.3810439756787054,1.2422889901667153,1.2828764332139209,1.1583496521156826,1.151950330815175,1.2826936711391284,1.373052085038566,1.2259463952079388,1.3660034230495246,1.3536286465487828,1.3365264951414033,1.2400324700637129,1.3617973420581764,89.1,96.4,92.0,6,6,6,6,6,6,6,6,6,6,6,6,6,6,6,6,6,6,29.0,31.2,26.9,5.0,5.0,5.0,5.0,5.0,4.0,5.0,5.0,5.0,5.0,5.0,4.0,5.0,5.0,5.0,5.0,5.0,5.0,47.2,54.4,46.5,6.0,6.0,6.0,6.0,6.0,6.0,6.0,6.0,6.0,6.0,6.0,6.0,6.0,6.0,6.0,6.0,6.0,6.0
1,1,4,16259,36.2362322406053,41.322701273141256,34.52430038747694,5.1602189556553295,5.127314102958361,4.990466818377514,5.063657051479181,5.151239313610923,4.8143182237529984,5.0356110461898025,5.036287594563011,5.289070668552801,5.199950796481948,5.021834061135372,4.950119933575251,5.019127867642537,4.98874469524571,4.996986284519343,4.9608832031490255,5.049080509256412,5.172765852758472,0.0,0.0,0.0,1,1,1,1,1,1,1,1,1,1,1,1,1,1,1,1,1,1,35.4,40.8,33.6,6.0,6.0,5.0,5.0,6.0,5.0,5.0,5.0,6.0,6.0,5.0,5.0,5.0,5.0,5.0,5.0,6.0,6.0,12.502041131388099,15.689376706997,13.626500914816615,1.2510944801395714,1.212009344306936,1.2393853004793716,1.2120767153178895,1.1952128682610166,1.3249878252123832,1.2277890441894144,1.250970599167321,1.1804619678269297,1.1265961315774262,1.270501669840551,1.3558724728964358,1.217745407322605,1.3289396961139945,1.3375187286025663,1.3550687073716554,1.3075674629984146,1.2577646824946405,84.0,93.0,85.7,6,6,6,6,6,6,6,6,6,6,6,6,6,6,6,6,6,6,27.2,30.0,24.6,5.0,5.0,4.0,5.0,5.0,4.0,5.0,5.0,5.0,5.0,5.0,4.0,5.0,4.0,4.0,4.0,5.0,5.0,44.6,52.1,43.7,6.0,6.0,6.0,6.0,6.0,6.0,6.0,6.0,6.0,6.0,6.0,6.0,6.0,6.0,6.0,6.0,6.0,6.0
1,1,5,3990,36.234185463659145,40.510476190476176,34.79278195488749,5.269423558897243,5.332080200501253,5.183208020050126,5.234085213032581,5.252130325814536,4.9491228070175435,5.181954887218045,5.1949874686716795,5.463157894736842,5.33483709273183,5.124812030075188,5.0586466165413535,5.167919799498747,5.094987468671679,5.1042606516290725,5.079448621553885,5.190476190476191,5.09624060150376,0.0,0.0,0.0,1,1,1,1,1,1,1,1,1,1,1,1,1,1,1,1,1,1,35.5,39.8,33.7,6.0,6.0,6.0,6.0,6.0,5.0,6.0,6.0,6.0,6.0,6.0,6.0,6.0,6.0,6.0,6.0,6.0,6.0,12.373646952603975,16.178677539987703,13.309492859631204,1.1953123191375834,1.0702328152560185,1.151483825586576,1.108250289507508,1.1320837692610588,1.299157210835898,1.1461184728215212,1.1600757823740626,1.0061336348031003,1.0291146060700793,1.2225264710548023,1.324535298042543,1.148040908628974,1.3040038761995527,1.3064649753218833,1.3227870395532115,1.244213288489754,1.3545503388437845,85.0,91.4,84.1,6,6,6,6,6,6,6,6,6,6,6,6,6,6,6,6,6,6,27.3,29.5,25.1,5.0,5.0,5.0,5.0,5.0,4.0,5.0,5.0,5.0,5.0,5.0,4.25,5.0,5.0,5.0,5.0,5.0,5.0,44.6,51.8,43.7,6.0,6.0,6.0,6.0,6.0,6.0,6.0,6.0,6.0,6.0,6.0,6.0,6.0,6.0,6.0,6.0,6.0,6.0
1,2,1,6249,39.1144343094895,46.78508561369826,36.54083853416477,5.158105296847496,5.292686829892783,5.203712594015043,5.246599455912946,5.271403424547928,4.939350296047367,5.165146423427749,5.141462634021443,5.2425988158105294,5.368859017442791,5.156345015202432,5.0459273483757405,5.14306289006241,5.1765082413186105,5.115698511761882,5.14690350456073,4.929108657385181,4.9759961593855015,0.0,0.0,0.0,1,1,1,1,1,1,1,1,1,1,1,1,1,1,1,1,1,1,38.0,46.4,35.3,6.0,6.0,6.0,6.0,6.0,6.0,6.0,6.0,6.0,6.0,6.0,6.0,6.0,6.0,6.0,6.0,6.0,6.0,13.413515946807719,17.21179280192324,14.347617425943278,1.3464868671015782,1.221845266788778,1.2450718389289122,1.2555249371748078,1.187165937374705,1.4524039502380979,1.2876574087373902,1.3382094688464832,1.2879464465469155,1.1556782354383872,1.290679363844513,1.4152215122658038,1.2750751136697578,1.3549307338406338,1.4099830399173994,1.3844262843553523,1.5377034407955508,1.5690671555996336,86.9,95.6,92.8,6,6,6,6,6,6,6,6,6,6,6,6,6,6,6,6,6,6,29.3,34.8,26.4,5.0,5.0,5.0,5.0,5.0,4.0,5.0,5.0,5.0,5.0,5.0,5.0,5.0,5.0,5.0,5.0,4.0,5.0,48.4,59.1,46.0,6.0,6.0,6.0,6.0,6.0,6.0,6.0,6.0,6.0,6.0,6.0,6.0,6.0,6.0,6.0,6.0,6.0,6.0
1,2,2,19203,39.58593969692209,47.312091860646895,36.99424569077983,5.024891943967089,5.181846586470864,5.127480081237307,5.142529813050044,5.210540019788574,4.720095818361714,5.039212623027652,4.983179711503411,5.070926417747227,5.282664167057231,5.0367650887882105,4.8642399625058585,5.001718481487267,5.104566994740405,5.02207988335156,5.041139405301255,4.714992449096496,4.8318491902306935,0.0,0.0,0.0,1,1,1,1,1,1,1,1,1,1,1,1,1,1,1,1,1,1,38.7,47.3,35.8,6.0,6.0,6.0,6.0,6.0,5.0,6.0,6.0,6.0,6.0,6.0,5.0,5.0,6.0,6.0,6.0,5.0,6.0,13.756900009484742,17.37862707782143,14.676619281477223,1.3921697951046494,1.2624340791461899,1.262865852535724,1.2790707861229231,1.2032700882684315,1.5141335844624642,1.326923749724276,1.38664991696914,1.3525773870315287,1.1899069279128682,1.3415717658797983,1.4681827355106198,1.3110409674758068,1.3658463951317228,1.4295350167086325,1.4094459386083886,1.614161654153904,1.6232806762552443,88.5,95.2,90.7,6,6,6,6,6,6,6,6,6,6,6,6,6,6,6,6,6,6,29.5,34.9,26.6,4.0,5.0,5.0,5.0,5.0,4.0,4.0,4.0,5.0,5.0,5.0,4.0,4.0,5.0,5.0,5.0,4.0,4.0,48.9,59.9,46.8,6.0,6.0,6.0,6.0,6.0,6.0,6.0,6.0,6.0,6.0,6.0,6.0,6.0,6.0,6.0,6.0,6.0,6.0
1,2,3,38092,41.533988764045056,49.10914627743376,38.99232647274888,4.971936364590991,5.220177465084532,5.163052609471805,5.191300010500893,5.2571931114144705,4.803869578914208,5.094954321117295,5.018376562007771,5.053948335608527,5.289667121705345,5.059330043053659,4.953402289194582,5.064843011655991,4.996062165284049,5.017825265147538,5.03441667541741,4.9253386537855715,4.977659351044839,0.0,0.0,0.0,1,1,1,1,1,1,1,1,1,1,1,1,1,1,1,1,1,1,40.7,49.0,38.0,6.0,6.0,6.0,6.0,6.0,5.0,6.0,6.0,6.0,6.0,6.0,6.0,6.0,6.0,6.0,6.0,6.0,6.0,13.943417825350874,17.41893024430685,14.850672925362769,1.4872591662576398,1.2893805520014732,1.302143805220492,1.296493604403698,1.2290541596763216,1.5256224351577534,1.3448826760022476,1.4145582134130998,1.4134906604072837,1.2350687393308442,1.375745545288016,1.4759479792351269,1.3359741027482426,1.4698443264465437,1.4765935793194318,1.4627046397178225,1.524503104097784,1.5705473883979457,92.3,96.4,95.5,6,6,6,6,6,6,6,6,6,6,6,6,6,6,6,6,6,6,31.3,36.8,27.9,4.0,5.0,5.0,5.0,5.0,4.0,5.0,4.0,5.0,5.0,5.0,4.0,5.0,4.0,5.0,5.0,4.0,4.0,51.1,61.7,49.0,6.0,6.0,6.0,6.0,6.0,6.0,6.0,6.0,6.0,6.0,6.0,6.0,6.0,6.0,6.0,6.0,6.0,6.0
1,2,4,15246,40.83677685950433,48.609963269054255,38.22899121081086,5.149547422274695,5.264462809917355,5.148760330578512,5.240522104158468,5.220254492981765,4.841401023219205,5.0906467270103635,5.008920372556736,5.126656172110717,5.324544142725961,5.0934015479470025,4.953823953823954,5.062836153745245,5.020857929948839,5.074117801390528,5.109536927718746,4.7335694608421885,5.112619703528795,0.0,0.0,0.0,1,1,1,1,1,1,1,1,1,1,1,1,1,1,1,1,1,1,40.05,48.7,37.3,6.0,6.0,6.0,6.0,6.0,5.0,6.0,6.0,6.0,6.0,6.0,6.0,5.0,6.0,6.0,6.0,5.0,6.0,13.619297917904602,17.15228475139128,14.5566082793085,1.2842878706431309,1.1789585753654994,1.2369783954008955,1.194417029191562,1.1562253367567907,1.436818660505957,1.2679340239006938,1.3405105871504037,1.2927232051447721,1.12813552931458,1.2830605678770837,1.4073669280912442,1.2554846016941978,1.3990430871644446,1.3809899644901402,1.3433527010981388,1.5720533906016365,1.4098382697335177,88.7,94.4,92.5,6,6,6,6,6,6,6,6,6,6,6,6,6,6,6,6,6,6,30.9,36.8,27.4,5.0,5.0,5.0,5.0,5.0,4.0,5.0,4.0,5.0,5.0,5.0,4.0,5.0,5.0,5.0,5.0,4.0,5.0,50.1,61.0,47.8,6.0,6.0,6.0,6.0,6.0,6.0,6.0,6.0,6.0,6.0,6.0,6.0,6.0,6.0,6.0,6.0,6.0,6.0
1,2,5,9925,39.22153148614605,46.72877581863975,36.702770780856866,5.042418136020151,5.227808564231738,5.137229219143577,5.190226700251889,5.212292191435768,4.73712846347607,5.04735516372796,5.009168765743073,5.039093198992443,5.324332493702771,5.068715365239295,4.891284634760705,5.0393954659949625,5.056423173803527,5.032141057934509,5.067808564231738,4.863476070528967,4.948816120906801,0.0,0.0,0.0,1,1,1,1,1,1,1,1,1,1,1,1,1,1,1,1,1,1,38.1,46.3,35.8,6.0,6.0,6.0,6.0,6.0,5.0,6.0,6.0,6.0,6.0,6.0,6.0,6.0,6.0,6.0,6.0,6.0,6.0,13.972951748447075,17.78685936710935,14.824078945634652,1.369293219979787,1.2123376922273517,1.2476941167532394,1.2211545599485758,1.1626882858465009,1.5337519415667482,1.3241982156206837,1.3814924271640843,1.3722956931532502,1.117221359164788,1.3205174120322432,1.4696889133095508,1.3020151641923214,1.3739677897131224,1.4071686607919647,1.369816448141663,1.5352899016736512,1.548685865844329,88.9,96.4,92.2,6,6,6,6,6,6,6,6,6,6,6,6,6,6,6,6,6,6,29.0,33.9,25.9,4.0,5.0,5.0,5.0,5.0,4.0,4.0,4.0,4.0,5.0,5.0,4.0,4.0,5.0,4.0,5.0,4.0,4.0,48.6,59.8,46.5,6.0,6.0,6.0,6.0,6.0,6.0,6.0,6.0,6.0,6.0,6.0,6.0,6.0,6.0,6.0,6.0,6.0,6.0
1,12,1,555,54.709549549549536,46.83027027027026,57.31981981981979,5.544144144144144,5.517117117117117,5.4198198198198195,5.5225225225225225,5.418018018018018,4.895495495495496,5.345945945945946,5.275675675675676,5.598198198198198,5.4972972972972975,5.183783783783784,5.073873873873874,5.198198198198198,5.663063063063063,5.410810810810811,5.482882882882883,5.587387387387388,5.455855855855856,2.6,2.6,0.0,1,1,1,1,2,1,1,1,1,1,1,1,1,1,1,1,1,1,55.7,47.6,58.3,6.0,6.0,6.0,6.0,6.0,6.0,6.0,6.0,6.0,6.0,6.0,6.0,6.0,6.0,6.0,6.0,6.0,6.0,10.455473700514164,13.619041369823334,11.721158779931773,0.9148479075706573,0.8375089712191379,1.0171649405150434,0.8814867532484322,0.8820510842339228,1.460638020635584,1.0944381694824872,1.168804521785968,0.838382272172294,0.9507226454854687,1.2569331581259546,1.3367690797258718,1.1973181510652904,0.8194309824537092,1.0884486485511065,0.9987242651197389,0.8815310275584286,1.2884298145910733,81.3,82.4,85.7,6,6,6,6,6,6,6,6,6,6,6,6,6,6,6,6,6,8,48.9,38.3,50.45,5.0,5.0,5.0,5.0,5.0,4.0,5.0,5.0,6.0,5.0,5.0,5.0,5.0,6.0,5.0,5.0,6.0,5.0,61.95,56.4,65.8,6.0,6.0,6.0,6.0,6.0,6.0,6.0,6.0,6.0,6.0,6.0,6.0,6.0,6.0,6.0,6.0,6.0,6.0
1,12,2,2556,58.62261345852896,51.95848982785608,60.82679968701111,5.657276995305164,5.635758998435055,5.565336463223788,5.646713615023474,5.625586854460094,5.192879499217527,5.502738654147105,5.44131455399061,5.746087636932708,5.634194053208137,5.496870109546166,5.387323943661972,5.413145539906103,5.682316118935837,5.395931142410015,5.493740219092332,5.642018779342723,5.609154929577465,0.0,0.0,0.0,1,1,1,1,1,1,1,1,1,1,1,1,1,1,1,1,1,1,59.3,52.150000000000006,61.4,6.0,6.0,6.0,6.0,6.0,6.0,6.0,6.0,6.0,6.0,6.0,6.0,6.0,6.0,6.0,6.0,6.0,6.0,9.968360376105256,13.872018404922585,11.320210944170798,0.760001711782846,0.7160151819070198,0.8084894011655991,0.7252727118823873,0.7013229376709722,1.2329320703002538,0.9063768066453538,0.9635626130336606,0.6478055313184642,0.7608244163180017,0.8805297642357479,1.0073213973521407,0.9479028887190659,0.7306648417630469,1.081659535996657,0.9766149941369644,0.7897204497087997,1.0390696151963341,86.6,91.8,91.7,6,6,6,6,6,6,6,6,6,6,6,6,6,6,6,6,6,8,52.7,43.1,54.3,6.0,5.0,5.0,6.0,5.0,5.0,5.0,5.0,6.0,5.0,5.0,5.0,5.0,6.0,5.0,5.0,6.0,6.0,65.2,62.0,68.4,6.0,6.0,6.0,6.0,6.0,6.0,6.0,6.0,6.0,6.0,6.0,6.0,6.0,6.0,6.0,6.0,6.0,6.0
1,12,3,6308,57.26501268230797,50.6665979708307,59.44852568167375,5.537888395688015,5.526791376030437,5.422479391249207,5.483195941661382,5.502694990488269,4.8926759670259985,5.296290424857324,5.245561192136969,5.675967025998732,5.500475586556753,5.266962587190869,5.217660114140774,5.226062143310083,5.4167723525681675,5.3343373493975905,5.418991756499683,5.591154090044388,5.466233354470513,0.0,0.0,0.0,1,1,1,1,1,1,1,1,1,1,1,1,1,1,1,1,1,1,58.3,51.4,60.4,6.0,6.0,6.0,6.0,6.0,6.0,6.0,6.0,6.0,6.0,6.0,6.0,6.0,6.0,6.0,6.0,6.0,6.0,10.696375451706404,14.111350832688087,12.034995851469661,0.9095745902451959,0.8656795156722266,0.9883652015996585,0.9247250089244718,0.8234853617278919,1.4654382877644474,1.0872244257506525,1.1491461257635711,0.7735188899746384,0.9141869844807077,1.1228937087467912,1.1652813203084418,1.120858593500733,1.0486278368010298,1.1186104974834847,1.0409107977996148,0.8816601517324224,1.383485905054694,85.9,89.6,91.4,6,6,6,6,6,6,6,6,6,6,6,6,6,6,6,6,6,8,51.3,41.9,52.5,5.0,5.0,5.0,5.0,5.0,4.0,5.0,5.0,6.0,5.0,5.0,5.0,5.0,5.0,5.0,5.0,6.0,5.0,64.7,60.324999999999996,67.725,6.0,6.0,6.0,6.0,6.0,6.0,6.0,6.0,6.0,6.0,6.0,6.0,6.0,6.0,6.0,6.0,6.0,6.0
1,12,4,1292,59.75859133126933,52.234597523219804,62.24821981424163,5.461300309597523,5.525541795665634,5.275541795665634,5.489164086687307,5.459752321981425,4.794891640866873,5.175696594427245,5.0588235294117645,5.672600619195046,5.53328173374613,5.219814241486068,5.037151702786378,5.087461300309598,5.1571207430340555,5.0286377708978325,5.174148606811145,5.441950464396285,5.441950464396285,5.3,0.0,7.1,1,1,1,1,1,1,1,1,1,1,1,1,1,1,1,1,1,1,60.650000000000006,52.9,63.6,6.0,6.0,6.0,6.0,6.0,5.0,6.0,6.0,6.0,6.0,6.0,5.0,5.0,6.0,5.0,6.0,6.0,6.0,10.029269891643603,14.029255796219163,11.449492559274834,0.9176237352554537,0.8086275300610328,1.0546298357378077,0.8334822833535961,0.8213396704028156,1.4111008071225533,1.114344493731083,1.2275968891307436,0.7345148427085558,0.8347455098340832,1.1337962784814328,1.2068153731620574,1.14248864522389,1.1552944468148518,1.2656274571010016,1.1568730268301726,0.9990879980804267,1.2266869491787917,85.4,96.0,91.0,6,6,6,6,6,6,6,6,6,6,6,6,6,6,6,6,6,8,54.4,42.9,56.1,5.0,5.0,5.0,5.0,5.0,4.0,5.0,4.0,6.0,5.0,5.0,4.0,5.0,5.0,4.0,5.0,5.0,5.0,66.5,62.0,69.9,6.0,6.0,6.0,6.0,6.0,6.0,6.0,6.0,6.0,6.0,6.0,6.0,6.0,6.0,6.0,6.0,6.0,6.0
1,12,5,634,59.16829652996844,52.10993690851739,61.502839116719315,5.6025236593059935,5.577287066246057,5.544164037854889,5.575709779179811,5.539432176656152,5.1198738170347005,5.5362776025236595,5.365930599369086,5.722397476340694,5.613564668769716,5.365930599369086,5.309148264984227,5.386435331230284,5.481072555205047,5.23186119873817,5.329652996845426,5.517350157728707,5.394321766561514,8.7,3.4,10.3,1,1,1,1,1,1,1,1,1,1,1,1,1,1,1,1,1,1,60.849999999999994,52.2,63.5,6.0,6.0,6.0,6.0,6.0,6.0,6.0,6.0,6.0,6.0,6.0,6.0,6.0,6.0,6.0,6.0,6.0,6.0,10.887637579838382,14.258585030549927,12.422096889687865,0.8240423252380525,0.8287039823064662,0.8701322800238152,0.8551174180983518,0.8256494361672393,1.3518985479298182,0.9130142214821632,1.0628764371319939,0.7362665263646825,0.8340344701456398,1.0820261411885803,1.177331266064171,1.029059098649228,0.9834915962253545,1.2549531588632137,1.1656636561784912,0.9915194495036658,1.3022156100427098,87.1,91.8,91.1,6,6,6,6,6,6,6,6,6,6,6,6,6,6,6,6,6,8,52.9,43.7,54.1,5.0,5.0,5.0,5.0,5.0,4.0,5.0,5.0,6.0,6.0,5.0,5.0,5.0,5.0,5.0,5.0,5.0,5.0,66.375,61.150000000000006,69.375,6.0,6.0,6.0,6.0,6.0,6.0,6.0,6.0,6.0,6.0,6.0,6.0,6.0,6.0,6.0,6.0,6.0,6.0
1,2001,1,3402,38.03424456202231,43.172398589065246,36.30423280423276,5.606701940035274,5.724279835390947,5.646972369194591,5.660787771898883,5.684303350970017,5.458259847148736,5.681069958847736,5.703409758965314,5.737507348618459,5.708406819517931,5.61875367430923,5.387125220458554,5.632275132275132,5.479717813051146,5.4829512051734275,5.504997060552616,5.386243386243386,5.467372134038801,0.0,0.0,0.0,1,1,1,1,1,1,1,1,1,1,1,1,1,1,1,1,1,1,37.0,43.4,35.1,6.0,6.0,6.0,6.0,6.0,6.0,6.0,6.0,6.0,6.0,6.0,6.0,6.0,6.0,6.0,6.0,6.0,6.0,12.84863614938569,16.640268483519726,13.839423328362813,0.8382517749194281,0.6666267353122738,0.7158913232952033,0.7054517590099842,0.7203803838014924,0.9116471514543493,0.6865278334796557,0.6862664302507099,0.6907193541540121,0.6343911191217069,0.7925935296592047,1.0797589879750769,0.7337329668149641,0.9828132799680744,0.9825755045494328,0.9361276174713126,1.0529185702497046,1.2155125808195664,84.8,98.0,87.4,6,6,6,6,6,6,6,6,6,6,6,6,6,6,6,6,6,8,29.0,32.2,25.9,6.0,6.0,5.0,6.0,6.0,5.0,6.0,6.0,6.0,6.0,5.0,5.0,5.0,5.0,5.0,5.0,5.0,5.0,46.6,54.9,45.5,6.0,6.0,6.0,6.0,6.0,6.0,6.0,6.0,6.0,6.0,6.0,6.0,6.0,6.0,6.0,6.0,6.0,6.0
1,2001,2,5269,40.17561207060178,45.11871322831674,38.510912886696055,5.678686657809831,5.71645473524388,5.6454735243879295,5.684380337825014,5.650218257733916,5.450180299867148,5.672803188460809,5.708673372556462,5.755551338014803,5.7134181059024485,5.626874169671664,5.420003795786677,5.609603340292275,5.437464414499905,5.471057126589486,5.500474473334599,5.44581514518884,5.5739229455304615,0.0,0.0,0.0,1,1,1,1,1,1,1,1,1,1,1,1,1,1,1,1,1,1,39.5,45.6,37.2,6.0,6.0,6.0,6.0,6.0,6.0,6.0,6.0,6.0,6.0,6.0,6.0,6.0,6.0,6.0,6.0,6.0,6.0,13.592922111881844,17.444800756638553,14.689753236000577,0.7724145537949408,0.7020394650506867,0.7429425662267184,0.7259330787438907,0.739691527084013,0.9701478498421996,0.7442404383588539,0.7177399602276905,0.6848992359702419,0.6683626879138447,0.7927196511059609,1.0517667458903341,0.7690819887043591,1.0418943129756737,1.0222316368246347,0.9766881122088649,1.0498020408494868,1.3403708315117524,86.3,96.6,91.8,6,6,6,6,6,6,6,6,6,6,6,6,6,6,6,6,6,8,30.2,33.6,28.1,6.0,6.0,6.0,6.0,6.0,5.0,6.0,6.0,6.0,6.0,6.0,5.0,5.0,5.0,5.0,5.0,5.0,5.0,49.1,57.7,48.0,6.0,6.0,6.0,6.0,6.0,6.0,6.0,6.0,6.0,6.0,6.0,6.0,6.0,6.0,6.0,6.0,6.0,6.0
1,2001,3,28567,42.922329961143696,47.25001925298392,41.46317779255736,5.5123744180347956,5.572863793888053,5.499982497287079,5.511219238982042,5.516610074561557,5.221759372702769,5.544264360975951,5.5124794343123185,5.561136976231316,5.5969125214408235,5.406132950607344,5.147477859068156,5.445479049252635,5.121783876500857,5.207477158959639,5.237546819757062,5.3273707424650825,5.407603178492667,0.0,0.0,0.0,1,1,1,1,1,1,1,1,1,1,1,1,1,1,1,1,1,1,42.3,47.7,40.6,6.0,6.0,6.0,6.0,6.0,6.0,6.0,6.0,6.0,6.0,6.0,6.0,6.0,6.0,6.0,6.0,6.0,6.0,14.09303553865352,16.88705200122091,15.3216739649062,0.9315165134797746,0.8054912883059533,0.8542481491198372,0.8583445588511102,0.8645561954525848,1.113809279723578,0.833591174467847,0.8928700964250991,0.8900362974403764,0.7522620484975113,0.9881685703363816,1.268256386698454,0.8991900799077432,1.2581640401238827,1.2088682970637297,1.172779426422729,1.0950492426449918,1.2415628383250907,93.1,98.2,94.8,6,6,6,6,6,6,6,6,6,6,6,6,6,6,6,6,6,8,32.650000000000006,35.4,30.1,5.0,5.0,5.0,5.0,5.0,5.0,5.0,5.0,5.0,5.0,5.0,5.0,5.0,5.0,5.0,5.0,5.0,5.0,52.6,59.3,51.9,6.0,6.0,6.0,6.0,6.0,6.0,6.0,6.0,6.0,6.0,6.0,6.0,6.0,6.0,6.0,6.0,6.0,6.0
1,2001,4,25025,40.89372227772223,46.64001998001949,38.96114685314614,5.444715284715285,5.555764235764236,5.4197402597402595,5.461818181818182,5.485394605394605,5.162517482517482,5.473526473526474,5.479400599400599,5.467692307692308,5.544935064935065,5.375424575424575,5.133306693306693,5.39044955044955,5.2078321678321675,5.233006993006993,5.224175824175824,5.1939260739260735,5.431288711288711,0.0,0.0,0.0,1,1,1,1,1,1,1,1,1,1,1,1,1,1,1,1,1,1,39.9,46.9,37.6,6.0,6.0,6.0,6.0,6.0,6.0,6.0,6.0,6.0,6.0,6.0,6.0,6.0,6.0,6.0,6.0,6.0,6.0,13.75275949374701,16.789265312902874,14.835463686044527,0.9797290796692406,0.7982265100964814,0.8877867389105697,0.86222792311404,0.8952246081938083,1.094628417786599,0.8580685410806148,0.8754253398292324,0.959916968423849,0.7713220343058808,0.993422383503123,1.2628699489486017,0.9143708583494171,1.1619924175658667,1.152258155990788,1.1367209402219867,1.1613355751996715,1.0318633074941546,88.8,98.8,94.4,6,6,6,6,6,6,6,6,6,6,6,6,6,6,6,6,6,8,30.9,34.8,28.1,5.0,5.0,5.0,5.0,5.0,5.0,5.0,5.0,5.0,5.0,5.0,5.0,5.0,5.0,5.0,5.0,5.0,5.0,50.0,58.6,48.6,6.0,6.0,6.0,6.0,6.0,6.0,6.0,6.0,6.0,6.0,6.0,6.0,6.0,6.0,6.0,6.0,6.0,6.0
1,2001,5,5499,39.46855791962167,44.46464811783987,37.78645208219706,5.420076377523186,5.521003818876159,5.426441171122022,5.42789598108747,5.458265139116203,5.147845062738679,5.477723222404073,5.469903618839789,5.523549736315694,5.522276777595927,5.430623749772686,5.175304600836515,5.3991634842698675,5.171122022185852,5.190580105473723,5.189488997999637,5.1931260229132565,5.300054555373705,0.0,0.0,0.0,1,1,1,1,1,1,1,1,1,1,1,1,1,1,1,1,1,1,38.8,44.9,36.7,6.0,6.0,6.0,6.0,6.0,6.0,6.0,6.0,6.0,6.0,6.0,6.0,6.0,6.0,6.0,6.0,6.0,6.0,13.705096284976783,17.353627571379963,14.760420175638348,1.027949143312577,0.8431268409545902,0.9049995984193342,0.9143137213395098,0.9252895537903156,1.1570715066247297,0.885190089265129,0.914274759337496,0.9102804293250437,0.8044552523009899,0.9435005754404379,1.2353916382922654,0.9238794941753519,1.1916996626892746,1.2025098078707623,1.1830124491001992,1.188408010044821,1.2773675572254115,83.2,94.0,89.6,6,6,6,6,6,6,6,6,6,6,6,6,6,6,6,6,6,8,29.6,33.2,26.9,5.0,5.0,5.0,5.0,5.0,5.0,5.0,5.0,5.0,5.0,5.0,5.0,5.0,5.0,5.0,5.0,5.0,5.0,48.4,56.5,47.6,6.0,6.0,6.0,6.0,6.0,6.0,6.0,6.0,6.0,6.0,6.0,6.0,6.0,6.0,6.0,6.0,6.0,6.0
1,4004,1,205,35.31073170731706,48.243902439024396,30.9878048780488,5.595121951219512,5.478048780487805,5.556097560975609,5.414634146341464,5.512195121951219,5.287804878048781,5.487804878048781,5.390243902439025,5.5512195121951216,5.5268292682926825,5.4487804878048784,5.360975609756098,5.414634146341464,5.5024390243902435,5.258536585365854,5.317073170731708,5.541463414634146,5.434146341463415,9.8,0.0,3.6,1,1,1,1,1,1,1,1,1,1,1,1,1,1,1,1,1,1,35.2,48.3,29.3,6.0,6.0,6.0,6.0,6.0,6.0,6.0,6.0,6.0,6.0,6.0,6.0,6.0,6.0,6.0,6.0,6.0,6.0,10.032070239263149,17.137349544261497,10.93050675865289,0.9635390290720939,1.0598539011233794,0.9409134017808893,1.1108998683300686,0.957988886594637,1.2446345872819227,1.06001182058504,1.1690042851295983,1.0211301772218355,1.0026984157086591,1.0211301772218346,1.1908305819437093,1.0975822305184617,1.1097800093071895,1.3271256737031383,1.2215191520141817,1.0263622248246984,1.3364442426728143,64.0,87.3,62.7,6,6,6,6,6,6,6,6,6,6,6,6,6,6,6,6,6,8,28.7,37.5,24.8,6.0,5.0,5.0,5.0,5.0,5.0,5.0,5.0,6.0,5.0,5.0,5.0,5.0,6.0,5.0,5.0,6.0,5.0,42.2,60.0,38.7,6.0,6.0,6.0,6.0,6.0,6.0,6.0,6.0,6.0,6.0,6.0,6.0,6.0,6.0,6.0,6.0,6.0,6.0
1,4004,2,547,38.37568555758683,51.361060329067655,34.03363802559409,5.542961608775137,5.124314442413163,5.16453382084095,5.1297989031078615,5.276051188299817,4.950639853747715,5.0548446069469835,5.058500914076783,5.422303473491773,5.336380255941499,5.1042047531992685,5.0804387568555756,5.06581352833638,5.3272394881170015,5.144424131627057,5.170018281535649,5.292504570383913,5.252285191956124,8.3,0.0,3.6,1,1,1,1,1,1,1,1,1,1,1,1,1,1,1,1,1,1,37.6,52.7,33.4,6.0,6.0,6.0,6.0,6.0,5.0,5.0,6.0,6.0,6.0,6.0,6.0,5.0,6.0,6.0,6.0,6.0,6.0,10.867118348714815,17.560400244558807,11.874425458268396,0.8994711533263706,1.1286695285192554,1.1054244838997251,1.182739322001392,0.9864617187958621,1.3020604100613222,1.170731794086175,1.2105518757424754,0.9791301155582148,0.9357628304868817,1.1759652952284565,1.224341562372321,1.1448488815130304,1.052142530306071,1.2518049193251446,1.2037702522400195,1.113683842473436,1.6636518392759105,80.6,91.2,79.8,6,6,6,6,6,6,6,6,6,6,6,6,6,6,6,6,6,8,30.85,38.5,25.200000000000003,5.0,5.0,5.0,5.0,5.0,4.0,4.0,4.0,5.0,5.0,5.0,4.0,4.0,5.0,5.0,5.0,5.0,5.0,45.05,64.25,41.5,6.0,6.0,6.0,6.0,6.0,6.0,6.0,6.0,6.0,6.0,6.0,6.0,6.0,6.0,6.0,6.0,6.0,6.0
1,4004,3,2241,38.188531905399415,51.4228469433289,33.75957161981293,5.376617581436858,4.938420348058902,5.0058009817045965,4.952253458277554,5.15751896474788,4.768853190539938,4.940651494868362,4.810798750557787,5.247211066488175,5.137884872824632,4.9727800089245875,5.048192771084337,4.951807228915663,4.984828201695672,4.981704596162428,4.998661311914324,5.381526104417671,5.246318607764391,0.0,0.0,0.0,1,1,1,1,1,1,1,1,1,1,1,1,1,1,1,1,1,1,37.6,52.3,32.4,6.0,5.0,5.0,5.0,6.0,5.0,5.0,5.0,6.0,6.0,5.0,6.0,5.0,5.0,6.0,6.0,6.0,6.0,11.481766898115648,16.966744129489946,12.449311103802696,1.0242886820311954,1.3116071806920342,1.2515926616640052,1.2848518397137945,1.1026339822710522,1.4208690048290114,1.2569639316085914,1.3903010128585858,1.1269913069218727,1.1700109840558017,1.2934138763752903,1.262932242258845,1.2303446056032372,1.3010099371768231,1.3680424440670993,1.338475275922954,0.9894071052734447,1.4302272747267473,83.5,95.2,89.1,6,6,6,6,6,6,6,6,6,6,6,6,6,6,6,6,6,8,30.6,40.2,24.8,5.0,4.0,4.0,4.0,5.0,4.0,4.0,4.0,5.0,5.0,4.0,4.0,4.0,4.0,4.0,4.0,5.0,5.0,45.1,63.6,41.0,6.0,6.0,6.0,6.0,6.0,6.0,6.0,6.0,6.0,6.0,6.0,6.0,6.0,6.0,6.0,6.0,6.0,6.0
1,4004,4,663,41.38838612368028,54.19607843137257,37.10241327300145,5.656108597285068,5.081447963800905,4.981900452488688,5.037707390648567,5.257918552036199,4.889894419306184,4.993966817496229,4.877828054298643,5.271493212669683,5.259426847662142,5.0165912518853695,5.1523378582202115,4.965309200603318,5.1900452488687785,5.292609351432881,5.260935143288084,5.5188536953242835,5.5942684766214175,0.0,0.0,0.0,1,1,1,1,1,1,1,1,1,1,1,1,1,1,1,1,1,1,41.0,55.4,35.4,6.0,5.0,5.0,5.0,6.0,5.0,5.0,5.0,6.0,6.0,5.0,6.0,5.0,6.0,6.0,6.0,6.0,6.0,12.115975357841867,17.13951679475198,13.259489911650642,0.6991500668550206,1.1099670730498818,1.2264597969684405,1.2117609188789433,0.9574764853208187,1.3162717952561773,1.1594716132178433,1.2802851318079032,1.036444087738575,1.0482171471677415,1.2429969972166164,1.176053796475774,1.1853856509215452,1.16472206572924,1.0624273821439902,1.0909253674833452,0.8331448889929346,0.9261705423035007,80.8,98.6,81.3,6,6,6,6,6,6,6,6,6,6,6,6,6,6,6,6,6,8,32.7,43.55,28.3,6.0,5.0,4.0,4.0,5.0,4.0,4.0,4.0,5.0,5.0,4.0,5.0,4.0,5.0,5.0,5.0,5.0,5.0,48.9,66.3,45.7,6.0,6.0,6.0,6.0,6.0,6.0,6.0,6.0,6.0,6.0,6.0,6.0,6.0,6.0,6.0,6.0,6.0,6.0
1,4004,5,263,37.926615969581746,50.6657794676806,33.659695817490494,5.091254752851711,4.520912547528517,4.67680608365019,4.403041825095057,4.787072243346008,4.239543726235741,4.346007604562738,4.212927756653992,4.802281368821292,4.859315589353612,4.4106463878327,4.524714828897339,4.4562737642585555,4.61596958174905,4.505703422053232,4.517110266159696,4.85171102661597,4.718631178707224,8.9,4.4,0.0,1,1,1,1,1,1,1,1,1,1,1,1,1,1,1,1,1,1,37.9,51.6,32.9,6.0,5.0,5.0,5.0,5.0,5.0,5.0,5.0,5.0,5.0,5.0,5.0,5.0,5.0,5.0,5.0,5.0,5.0,12.068553182101393,17.657555960573884,13.174520397091483,1.2778349502357982,1.4055981055435467,1.3918088032110125,1.507332670874859,1.3048296160120105,1.610922576272627,1.4923639068525831,1.6229226835390866,1.4245913183598344,1.3700652973881173,1.6058697081392823,1.4770371539825649,1.4583886699207902,1.4544127743371795,1.5429492984735436,1.5204371154855807,1.4239188077757434,1.812992451894721,68.7,94.0,69.7,6,6,6,6,6,6,6,6,6,6,6,6,6,6,6,6,6,8,29.049999999999997,37.8,24.8,4.0,4.0,4.0,3.0,4.0,3.0,3.0,3.0,4.0,4.0,4.0,4.0,4.0,4.0,4.0,4.0,4.0,4.0,46.400000000000006,63.099999999999994,42.45,6.0,6.0,6.0,6.0,6.0,6.0,6.0,6.0,6.0,6.0,6.0,6.0,6.0,6.0,6.0,6.0,6.0,6.0
